date,target,candle_1_pattern_name,candle_2_pattern_name,candle_3_pattern_name,level_nearest_support_duration,level_nearest_resistance_duration,anomaly_gap_signal,anomaly_vol_anomaly,anomaly_vol_anomaly_2,anomaly_wick_bear_signal,anomaly_wick_bull_signal
2018-01-02,Resistance,long,,,61,13.0,0.008986465944951854,1.2049582693593723,0.0,0.760492223652751,0.0
2018-03-14,Support,,BULLISH (Matching Low),,8,,0.0,0.027358311617767948,0.0,0.13293227958217307,0.0
2018-03-15,Support,DOJI_SPINOFF,BULLISH HARAMI CROSS,,9,2.0,0.0,0.6766248973341384,0.0,0.0,1.1056112438941932
2018-03-16,Support,short,BEARISH ENGULFING,,10,3.0,0.0,0.4113421994706887,0.0,0.0,0.0
2018-03-19,Support,,,,12,6.0,-0.22636391142424164,0.351834917324018,0.0,1.2950165339627042,0.0
2018-03-20,Support,DOJI,BULLISH (Matching Low),,13,7.0,-0.0,0.6558304200798553,0.0,0.0,1.0083837764779142
2018-03-21,Resistance,LONG_MARUBOZU,,,28,19.0,-0.0,1.0167541279017482,0.0,0.0,0.0
2018-03-22,Support,INV_HAMMER,BULLISH (Matching Low),,49,29.0,-1.1874219749304646,0.20377088397082035,1.0,0.0,1.6412271766248503
2018-03-23,Resistance,,,BEARISH Three Black Crows,177,30.0,-0.0,0.646663833507148,0.0,0.0,0.38039995028533247
2018-03-26,Resistance,,,,180,24.0,2.050142648994314,0.8717166733538159,0.0,1.6537098631243827,0.0
2018-03-27,Support,,BEARISH (Dark Cloud Cover),,4,25.0,0.0,0.6999686369560099,0.0,0.866610264696866,0.3889764319337596
2018-03-28,Support,DOJI_SPINOFF,BULLISH (Matching Low),,5,26.0,-0.06810211821004483,0.6297556176687177,0.0,0.5053090875332037,1.0225689179363686
2018-03-29,Support,DOJI,BULLISH (Matching Low),,6,27.0,0.23171141617261148,0.9564938107634834,0.0,0.021883753796318395,1.1465104071820853
2018-04-02,Support,short,,,10,31.0,0.0,0.3769380473634839,0.0,0.9974705297611514,0.0
2018-04-03,Support,DOJI_SPINOFF,,,11,32.0,0.05534749818389049,0.4741099501444038,0.0,0.9615452215772463,0.0
2018-04-04,Resistance,LONG_MARUBOZU,,,12,33.0,-1.538982881538802,1.5090890035011633,0.0,0.0,0.0
2018-04-05,Resistance,DOJI_SPINOFF,,,13,9.0,0.0,0.70876161541608,0.0,0.0,0.10714742616229786
2018-04-06,Resistance,,,BULLISH Abandoned Baby,14,10.0,-0.3048481165908758,0.1408690711805992,0.0,0.0,0.1339648953338226
2018-04-09,Resistance,INV_HAMMER,BULLISH HARAMI,,17,4.0,0.056192061707255346,0.7919143635991016,0.0,0.0,0.8511447167240979
2018-04-10,Resistance,DOJI_SPINOFF,,,18,5.0,0.7369878010698856,0.7422274730314816,1.0,0.6915890298000523,0.0
2018-04-11,Resistance,DOJI_SPINOFF,,,19,6.0,-0.0,0.6168360661291142,0.0,0.0,0.0017661421423415668
2018-04-12,Resistance,,,,20,7.0,0.0,0.3167081659263888,0.0,0.0,0.0
2018-04-13,Resistance,DOJI,,,8,17.0,0.0,0.838266232921735,0.0,0.16477480728941357,0.0
2018-04-16,Support,,,,20,34.0,0.0,0.1482178207162442,0.0,0.0,0.0
2018-04-17,Support,long,,,21,35.0,0.0,0.561077743519368,0.0,0.0,0.0
2018-04-18,Support,DOJI,BEARISH HARAMI CROSS,,22,36.0,-0.0,0.7732291574372554,0.0,0.5020979957905362,0.0
2018-04-19,Support,long,,,27,2.0,-1.2400826500567956,0.6526213836242708,0.0,0.0,0.0
2018-04-20,Support,long,,,28,3.0,-0.513834029050857,0.16760199656802274,0.0,0.0,0.0
2018-04-23,Support,,BULLISH (Matching Low),BEARISH Three Black Crows,31,6.0,0.0,0.09844760871822346,0.0,0.8902777761825585,0.0
2018-04-24,Resistance,,,BEARISH Three Black Crows,207,32.0,0.0,0.3879758160969532,0.0,1.1221740180069943,0.0
2018-04-25,Resistance,short,,,208,33.0,-0.0,0.3581802946528283,0.0,0.0,0.9417789734146131
2018-06-25,Resistance,SPIN_TOP,,BEARISH Three Black Crows,69,41.0,-0.3924894994086133,0.19791735006393324,0.0,0.7822699942728183,1.2699280484622761
2018-06-26,Resistance,,,,70,42.0,0.0,0.3050509983099805,0.0,0.0,1.2588102233104437
2018-06-27,Resistance,,,,2,43.0,0.0,0.007420359310491319,0.0,0.0,0.8099247397652597
2018-06-28,Resistance,,BULLISH ENGULFING,,3,44.0,-0.0,0.16195489643240774,0.0,0.0,0.0
2018-06-29,Resistance,,BEARISH (Meeting Lines),,4,2.0,0.0,0.029597974047640103,0.0,1.5365208271444695,0.0
2018-07-02,Resistance,,BULLISH ENGULFING,,7,5.0,-0.4240459627174229,0.890784815104628,0.0,0.0,0.0
2018-07-03,Resistance,MARUBOZU,BEARISH (Dark Cloud Cover),,4,6.0,0.0,0.6227485520514359,0.0,0.0,0.0
2018-07-05,Resistance,DOJI_SPINOFF,BULLISH HARAMI CROSS,,6,8.0,0.4243367363839299,0.7327310765503023,0.0,0.2921262563593201,0.286289897424199
2018-07-06,Resistance,,,,9,15.0,0.0,0.36016911825419806,0.0,0.0,0.0
2018-07-09,Resistance,short,,,18,31.0,0.6795814408219415,0.3482902144895353,0.0,0.0,0.0
2018-07-10,Resistance,short,,,19,32.0,0.0,0.6178749076730308,0.0,0.0,0.0
2018-07-11,Resistance,,,,20,33.0,-0.9160935008465577,0.506851624927275,0.0,0.0,0.7588015466017421
2018-07-12,Resistance,,,,21,34.0,0.5138176429387099,0.1260971015806424,0.0,0.0,0.0
2018-07-13,Resistance,short,,,2,30.0,0.0,0.5466261774995661,0.0,0.0,0.0
2018-07-16,Resistance,,BEARISH ENGULFING,,5,33.0,0.0,0.35629100197621083,0.0,0.250312789682315,0.5560920376529486
2018-07-17,Resistance,,BULLISH (Piercing Pattern),,6,34.0,-0.37728077360926293,0.4306777095209125,0.0,0.29781850981689423,0.0
2018-07-18,Resistance,,,,7,35.0,0.0,0.14906498111899455,0.0,0.08748407184553024,0.0
2018-07-19,Resistance,,BULLISH ENGULFING,,2,36.0,-0.0,0.49668644618490754,0.0,0.0,0.16796612886652285
2018-07-20,Resistance,DOJI_SPINOFF,BEARISH HARAMI CROSS,,3,37.0,-0.0,0.6163871367842458,0.0,1.441244234386366,0.10632803451796718
2018-07-23,Resistance,,,,6,40.0,-0.1696533110968742,0.1675334072467136,0.0,0.779822465677329,0.0
2018-07-24,Resistance,,,,41,47.0,0.22743612010367908,0.44619643663684705,0.0,0.0,0.16737552264156838
2018-07-25,Support,,,,48,,0.0,0.48482077510033533,1.0,0.05883139522317951,0.0
2018-07-26,Support,DOJI_SPINOFF,BEARISH HARAMI CROSS,,49,,-0.0,0.5713636435842628,0.0,0.006349118540889306,1.1483518139917668
2018-07-27,Support,long,,,10,,0.40480944493674514,1.1482914375797946,0.0,0.35841897826571567,0.0
2018-07-30,Support,,BULLISH (Matching Low),,13,4.0,0.48015559872407787,0.1918412388601229,0.0,0.23030918819838778,0.0
2018-07-31,Resistance,DOJI,BULLISH HARAMI CROSS,,14,5.0,0.0,0.2881799159784035,1.0,0.2989762476744507,1.4609130166701998
2018-08-01,Support,,,,6,,3.247197702480866,0.0,0.0,0.9585004328383752,0.0
2018-08-02,Support,long,,,7,,-0.0,0.5322324323025849,1.0,0.0,0.37653440860216764
2018-08-03,Support,short,,,8,,-0.0,0.5227396352060215,0.0,0.6519517185270991,0.034771221524030616
2018-08-06,Support,short,,,11,,0.0,0.3461617238561032,1.0,0.0,0.0
2018-08-07,Support,,BEARISH ENGULFING,,12,,0.0,0.06379301746272904,0.0,0.0,0.0
2018-08-08,Support,short,,,13,,-0.0,0.2665901840203797,0.0,0.5983877255132437,0.02286591218446923
2018-08-09,Support,,,,14,,0.0,0.10274079487246832,0.0,0.0,0.47160864289898846
2018-08-10,Support,DOJI_SPINOFF,BEARISH HARAMI CROSS,,2,,-0.4893391033217729,0.7647146108580762,0.0,0.0,0.9978758485383045
2018-08-13,Support,,,,5,,0.0,0.1868749708085986,0.0,0.0,1.0381770545628768
2018-08-14,Support,DOJI_SPINOFF,,,6,,0.36409257514429605,0.5284671731614985,0.0,0.8817654568036815,0.0
2018-08-15,Resistance,,BULLISH ENGULFING,,7,2.0,-0.0,0.15930142124295843,0.0,0.09922355026673896,0.0
2018-08-16,Support,,,,3,,0.5344065971023447,0.20782237461710262,1.0,0.0,0.0
2018-08-17,Support,LONG_MARUBOZU,,BULLISH Three White Soldiers,4,,0.0,0.9954778394332138,0.0,0.0,0.0
2018-08-20,Support,,BEARISH (Dark Cloud Cover),,7,,0.0,0.3331249919639397,0.0,0.0,0.4051657735855672
2018-08-21,Support,,BULLISH (Matching Low),,8,,0.5321398036817953,0.07778585185657494,0.0,0.534394764259428,0.0
2018-08-22,Resistance,short,,,9,2.0,-0.060366614074755805,0.3231382986654346,0.0,0.0,0.6158660950535468
2018-08-23,Resistance,short,,,10,3.0,-0.0,0.34837354121949876,0.0,0.0,0.6474026996726548
2018-08-24,Resistance,short,,,2,4.0,0.2986177462289188,0.5204514672418323,0.0,0.7729613283806854,0.0
2018-08-27,Resistance,SPIN_TOP,,,5,7.0,0.12583799109954227,0.32921041152681696,0.0,0.29410548677649684,0.0
2018-08-28,Support,,,,8,,0.1706661187165971,0.3966943787216607,0.0,0.0,0.015843118611027763
2018-08-29,Support,long,,BULLISH Three White Soldiers,9,,0.0,0.8073567521750745,0.0,0.2934628259534677,0.0
2018-08-30,Support,,,BULLISH Three White Soldiers,10,,0.0,0.04910318291869812,0.0,0.36516897552399397,1.6547552171515396
2018-08-31,Support,,,BULLISH Three White Soldiers,11,,0.711699332843078,0.1393626925811282,0.0,0.0,0.015624374785926287
2018-09-04,Support,DOJI,,,15,,0.0,0.8593297697976133,0.0,1.2294451426397153,0.0
2018-09-05,Support,,,,16,,0.0,0.5145971371503216,0.0,0.8500920921631506,0.0
2018-09-06,Support,,,,17,,-0.0,0.785933883337167,0.0,0.6215708642117342,0.0494528975337452
2018-09-07,Support,DOJI_SPINOFF,BULLISH (Matching Low),,18,2.0,-0.44625794212007214,0.5339418517774964,1.0,0.0,1.3262234362329963
2018-09-10,Support,,,,21,5.0,-0.0,0.4634402776184647,0.0,0.5910606028033295,0.0
2018-09-11,Support,long,BULLISH ENGULFING,,22,6.0,-0.0,1.3326896485882072,0.0,0.18841091106158236,0.0
2018-09-12,Support,,BEARISH (Meeting Lines),,2,7.0,0.4308802636679671,0.2893165976963268,0.0,0.006617763549779787,0.0
2018-09-13,Support,,,,3,8.0,1.2924620947553074,0.050892804076543764,0.0,0.0,0.6384493264604852
2018-09-14,Support,,BEARISH HARAMI  ,,4,9.0,-0.0,0.22721595072414155,0.0,0.09930994145162758,0.0
2018-09-17,Support,,,,7,4.0,-0.5077457295136435,0.47236134945973135,0.0,0.0,0.0
2018-09-18,Support,DOJI_SPINOFF,,,8,5.0,-0.0,0.7177843326091785,0.0,0.0,1.3192296596144801
2018-09-19,Support,DOJI,,,9,6.0,0.0,0.7395719356796386,0.0,1.210601218322553,0.0
2018-09-20,Support,DOJI_SPINOFF,,,10,7.0,0.8633912792772389,0.7086057934599267,0.0,0.0,0.29154013720537647
2018-09-21,Support,,,,11,8.0,0.0,0.0,0.0,0.0,0.0
2018-09-24,Resistance,long,BULLISH ENGULFING,,14,4.0,-0.0,0.47534834455213487,0.0,0.0,0.0
2018-09-25,Resistance,,,,15,5.0,-0.08902196100340241,0.02655875446778626,0.0,0.0,0.0
2018-09-26,Resistance,DOJI_SPINOFF,BEARISH HARAMI CROSS,,2,6.0,-0.19272505184565775,0.47899060965141305,0.0,0.0,0.9414043324788368
2018-09-27,Resistance,,,,7,14.0,1.3701732152825665,0.34132853076358854,0.0,0.0,0.042057177346655795
2018-09-28,Resistance,,,,8,15.0,-0.0,0.3093872846933694,0.0,0.10637459950638842,0.0
2018-10-01,Resistance,SPIN_TOP,BEARISH (Meeting Lines),,11,18.0,0.5946303215712645,0.41474652456270816,0.0,0.238294148655389,0.18612436078535283
2018-10-02,Resistance,,BULLISH ENGULFING,,19,27.0,-0.0,0.2193675174450195,0.0,0.0,0.0
2018-10-03,Support,,,,28,,0.0,0.19486582094949478,0.0,0.0,0.1751992944795031
2018-10-04,Support,,,,21,,-0.162813897109576,0.4497413641775501,0.0,0.686251876039485,0.24588920208128778
2019-01-23,Resistance,DOJI_SPINOFF,BULLISH HARAMI CROSS,,9,5.0,0.0,0.5996043791929208,0.0,1.0464813936254207,0.27476576726844154
2019-01-24,Resistance,,,,10,6.0,0.0,0.065841135875511,0.0,0.0,0.0
2019-01-25,Support,,,,2,7.0,1.2435448845871147,0.3472236419252116,0.0,0.07417362475504828,0.0
2019-01-28,Resistance,HAMMER,BEARISH HARAMI  ,,5,10.0,-0.4358605906321487,0.5524030593248744,0.0,0.6760736647861881,0.0
2019-01-29,Resistance,,,,6,11.0,-0.0,0.044655692420095636,0.0,0.0,1.422116827071618
2019-01-30,Resistance,,,,30,48.0,2.449989161136686,0.10547986972809087,0.0,1.034213406635776,0.1268407125184713
2019-01-31,Resistance,DOJI_SPINOFF,,,31,49.0,0.0,0.7102763072669194,0.0,0.03575448908506318,1.2878984332244208
2019-02-01,Resistance,DOJI_SPINOFF,,,32,50.0,0.0,0.5477981509750919,0.0,0.0,0.5747275806311553
2019-02-04,Resistance,long,,,35,53.0,0.0,1.1315458442963435,0.0,0.0,0.0
2019-02-05,Resistance,,,,54,71.0,0.0,0.17576088736167345,0.0,0.0,0.0
2019-02-06,Support,DOJI_SPINOFF,,,55,65.0,0.0,0.5668722696315117,0.0,0.292202388445865,0.0
2019-02-07,Resistance,,,,38,66.0,-0.19953325384672926,0.040005849931304266,0.0,0.0,0.3489956205127566
2019-02-08,Resistance,,BEARISH (Meeting Lines),,39,2.0,-0.211496873582082,0.008748828152530351,0.0,0.0,0.0
2019-02-11,Resistance,,BEARISH (Dark Cloud Cover),,42,5.0,0.0,0.08522006913348174,0.0,0.0,0.0
2019-02-12,Resistance,,BULLISH HARAMI,,4,6.0,0.0,0.31190092474432274,0.0,0.0,0.0
2019-02-13,Resistance,,BEARISH (Dark Cloud Cover),,5,7.0,0.0,0.05818812186543545,0.0,0.0,0.4146831166753385
2019-02-14,Resistance,,BULLISH (Piercing Pattern),,6,8.0,-0.0,0.11327656198453792,0.0,0.0,0.0
2019-02-15,Resistance,,,,7,2.0,0.0,0.28139095290756216,0.0,0.13331266902433822,0.0
2019-02-19,Resistance,,BULLISH (Piercing Pattern),,5,6.0,-0.0,0.01801695275518726,0.0,0.0,0.0
2019-02-20,Resistance,,,,6,7.0,0.0,0.2453148410449998,0.0,0.0,0.7053838666223108
2019-02-21,Resistance,,,,7,8.0,-0.0,0.21838492983693197,0.0,0.4657411370442835,0.0
2019-02-22,Resistance,,,,8,9.0,0.0,0.20169639717522586,0.0,0.0,0.0
2019-02-25,Resistance,DOJI,,,12,19.0,0.6008420764355767,0.8924434051963243,0.0,0.0,1.0856568062364946
2019-02-26,Resistance,,,,13,20.0,-0.0,0.22755911609347346,1.0,0.22788620775480622,0.18333255243870797
2019-02-27,Resistance,,,,14,21.0,-0.4384570217697185,0.4943184637111706,0.0,0.07874720800550129,0.0
2019-02-28,Resistance,,,,15,22.0,-0.0,0.09891062595779143,0.0,0.0,0.0
2019-03-01,Resistance,HAMMER,,,2,23.0,0.39766314574602146,0.2738127090309403,0.0,1.3768471186095415,0.0
2019-03-04,Resistance,DOJI,,,5,26.0,0.0,0.7193980218353513,0.0,1.173894311813138,1.3049174698425818
2019-03-05,Resistance,HAMMER,BEARISH ENGULFING,,6,27.0,0.0,0.3775786947339778,0.0,0.19659003388501875,0.0
2019-03-06,Resistance,DOJI_SPINOFF,BULLISH (Matching Low),,7,28.0,-0.2282142572465996,0.6855371056116786,1.0,0.0,0.15519465533405316
2019-03-07,Resistance,long,,,22,8.0,-0.0,0.7255210603867672,0.0,0.0,0.0
2019-03-08,Resistance,long,BEARISH (Meeting Lines),,23,9.0,-1.2666090292348824,1.3219093976358471,0.0,0.10180016659225635,0.0
2019-03-11,Resistance,LONG_MARUBOZU,,,33,98.0,1.054124893511959,0.8999093892775354,0.0,0.0,0.0
2019-03-12,Resistance,,,BULLISH Three White Soldiers,34,99.0,0.0,0.27561891309962816,0.0,0.0,1.3559027459362842
2019-03-13,Resistance,SPIN_TOP,,,35,100.0,0.07365570488315053,0.49196435539565847,0.0,0.1933176189755948,0.308998828966355
2019-03-14,Resistance,DOJI_SPINOFF,BULLISH (Matching Low),,36,101.0,0.5429794563099583,0.7428726930516493,0.0,0.550942679234816,0.0
2019-03-15,Resistance,,,,102,121.0,0.0,0.10312438313988845,0.0,0.3552482943549729,0.538028085983588
2019-03-18,Support,long,,,105,122.0,-0.0,0.6529873738283234,1.0,0.0,0.0
2019-03-19,Support,,,,106,123.0,0.0,0.27705676487030034,0.0,0.0,0.0
2019-03-20,Resistance,,,,107,124.0,-0.0,0.2768566090283637,0.0,0.8443779540301876,0.6360114778158842
2019-03-21,Support,long,,,125,136.0,0.7440365233167959,0.6390412000845846,0.0,0.0,0.3923233964182487
2019-03-22,Support,,,,2,137.0,0.0,0.5458859512631085,0.0,0.0,1.0329712217573532
2019-03-25,Support,,BULLISH (Matching Low),,5,140.0,0.0,0.06030959195743583,1.0,1.377097492862392,0.0
2019-03-26,Resistance,,,,6,4.0,1.4073357403412576,0.45366680245793467,0.0,0.9413338520928749,0.14197519799090744
2019-03-27,Resistance,DOJI_SPINOFF,BULLISH HARAMI CROSS,,7,5.0,0.4516967143311958,0.7102331551426381,0.0,0.4994107809229857,0.0
2019-03-28,Resistance,DOJI_SPINOFF,BULLISH (Matching Low),,8,6.0,0.0,0.5388917534025156,0.0,0.0,0.0
2019-03-29,Resistance,DOJI_SPINOFF,,,9,7.0,0.0,0.677698861163052,0.0,0.01673557022842067,0.0
2019-04-01,Resistance,HAMMER,,,12,10.0,0.33038977421065235,0.6459108871033885,0.0,0.8355905720250099,0.0
2019-04-02,Resistance,long,BULLISH ENGULFING,,13,11.0,-0.0,0.5124274831403932,0.0,0.0,0.0
2019-04-03,Resistance,,,,14,12.0,-0.0,0.12777745791877942,0.0,0.0,0.5780321172582269
2019-04-04,Resistance,,,BULLISH Three White Soldiers,15,13.0,-0.0,0.32135437648734666,0.0,0.40650680210505613,0.0
2019-04-05,Resistance,short,,,16,14.0,0.0,0.4515701543155745,0.0,0.0,0.0
2019-04-08,Resistance,MARUBOZU,,,17,154.0,-0.0,0.9723964968933131,0.0,0.0,0.0
2019-04-09,Resistance,,BEARISH (Meeting Lines),,18,155.0,0.0,0.35224454841626157,0.0,0.0,1.8561732790793537
2019-04-10,Resistance,,BULLISH ENGULFING,,19,156.0,-0.10064095630909087,0.1076182222386775,0.0,0.0,0.0
2019-04-11,Support,,BEARISH (Dark Cloud Cover),,20,2.0,0.0,0.07101525464277836,0.0,0.0,0.0
2019-04-12,Resistance,DOJI_SPINOFF,BULLISH (Matching Low),,21,3.0,0.0,0.7216416331426249,1.0,1.5580051007047386,0.3564424794622009
2019-04-15,Resistance,,BULLISH ENGULFING,,24,6.0,-0.0,0.3714481112056526,0.0,0.0,0.0
2019-04-16,Resistance,DOJI_SPINOFF,,,4,7.0,0.0,0.7761221465423659,0.0,0.0,1.1142210724480333
2019-04-17,Support,long,,,8,160.0,0.0,1.1127130741261826,0.0,0.021238328308158663,0.0
2019-04-18,Support,,,,9,161.0,-0.0,0.46506730984651556,0.0,0.0,0.0
2019-04-22,Support,,,,13,165.0,-1.1340092878632442,0.122302616076856,1.0,0.0,0.0
2019-04-23,Support,,,,14,166.0,-0.0,0.7125487671764072,0.0,0.0,0.0
2019-04-24,Support,DOJI_SPINOFF,BEARISH HARAMI CROSS,,15,167.0,-0.0,0.6668864671363537,0.0,0.0,0.6612667293538584
2019-04-25,Support,,,,16,168.0,-0.0,0.03301737325442593,0.0,0.0,0.29041877519024895
2019-04-26,Support,HAMMER,BULLISH (Matching Low),,17,2.0,-0.058384987282960155,0.4787305751240864,1.0,1.5969742822705226,0.0
2019-04-29,Support,DOJI_SPINOFF,BULLISH HARAMI CROSS,,20,5.0,0.0,0.7878371760813025,0.0,0.0,0.8264881134333706
2019-04-30,Resistance,long,,,21,6.0,-1.8861818603826002,0.16471445087823317,0.0,0.6848379662770884,0.0
2019-05-01,Resistance,DOJI_SPINOFF,,,174,184.0,3.356786869303262,0.02024034884991982,0.0,0.0,2.3733873777161927
2019-05-02,Resistance,DOJI_SPINOFF,,,8,185.0,-0.0,0.37763261836645945,0.0,0.1308586330822794,0.6799424760730823
2019-05-03,Resistance,,,,9,2.0,0.0,0.13824778997950468,0.0,0.0,0.0
2019-11-27,Resistance,,,,7,8.0,0.5551991745904346,0.040129694242346636,0.0,0.0,0.0
2019-11-29,Resistance,SPIN_TOP,BEARISH HARAMI  ,,9,10.0,-0.37150463473116485,0.377369258473826,0.0,0.0,0.9240299988998167
2019-12-02,Support,,BEARISH ENGULFING,,12,13.0,0.0,0.416713548445013,0.0,0.0,0.9713761639032672
2019-12-03,Resistance,,BEARISH (Meeting Lines),,27,13.0,-2.499124865666644,0.27936337026673075,0.0,0.8447447114852858,0.0
2019-12-04,Resistance,short,,,28,14.0,0.0,0.47630431860490785,0.0,0.0,1.491531134869583
2019-12-05,Resistance,,,,29,16.0,0.18299553371945732,0.04037611884244997,0.0,0.07749640998994291,0.0
2019-12-06,Support,MARUBOZU,,,17,,0.07754168341497789,0.49155436166441074,0.0,0.0,0.0
2019-12-09,Support,,,,33,,-0.0,0.2636585722725316,0.0,0.912859610076954,0.39993244487587176
2019-12-10,Resistance,DOJI,BULLISH HARAMI CROSS,,34,4.0,0.05564299405539351,0.8970531286214601,0.0,0.9609383652550997,1.0004688008909282
2019-12-11,Resistance,,,,35,5.0,0.0,0.05714095657464828,0.0,0.0,0.0
2019-12-12,Support,,,,6,,-0.8032947188311248,0.43035356953692183,0.0,0.0,0.48447963316307613
2019-12-13,Support,,,,7,,0.0,0.3743309218166155,1.0,0.0,0.0
2019-12-16,Support,,,BULLISH Three White Soldiers,10,,0.27911237965960844,0.11118707440045873,0.0,0.0,0.3528324534849021
2019-12-17,Support,short,,,11,,-0.0,0.6048119921097407,0.0,0.0022045258696823146,0.6795742903564603
2019-12-18,Support,DOJI,BEARISH HARAMI CROSS,,12,,-0.0,0.9290867670885367,0.0,0.0,1.0108707247556108
2019-12-19,Support,SPIN_TOP,BULLISH ENGULFING,,13,,-0.0,0.6061166150098771,0.0,0.0,0.08883814194032554
2019-12-20,Support,,BEARISH ENGULFING,,14,,0.8590564948947135,0.012233248910200573,0.0,0.19226960168935342,0.0
2019-12-23,Support,LONG_MARUBOZU,,,17,,0.0,0.4800274775683705,0.0,0.0,0.0
2019-12-24,Support,short,,,4,,0.0,0.31802184739264877,0.0,0.7701216532252595,0.0
2019-12-26,Support,LONG_MARUBOZU,,,6,,0.0,0.9291161515116432,0.0,0.0,0.0
2019-12-27,Support,SPIN_TOP,BEARISH (Meeting Lines),,7,,0.17811319816808277,0.30769998947746174,0.0,1.0143940987853128,1.8424268367558603
2019-12-30,Support,,BULLISH ENGULFING,,10,,-0.0,0.044781144709502875,0.0,1.9175566735683123,0.13252585502290612
2019-12-31,Resistance,,,,11,4.0,-0.5478829328970464,0.43466094106867886,1.0,0.0,0.0
2020-01-02,Support,,,BULLISH Three White Soldiers,6,,0.9750590474404726,0.43655004874758196,0.0,0.0,0.0
2020-01-03,Support,DOJI_SPINOFF,BEARISH HARAMI CROSS,,7,,-0.9338344274513488,0.7410690021792318,0.0,0.0,1.6708487694832341
2020-01-06,Resistance,,,,10,4.0,-0.8058249523091819,0.9619457604243445,1.0,0.0,0.0
2020-01-07,Resistance,short,,,11,5.0,0.0,0.42112563966796873,0.0,0.0,0.05363093896565114
2020-01-08,Support,,BULLISH ENGULFING,,6,,-0.0,0.7709577930207213,0.0,0.0,0.19002245487251854
2020-01-09,Support,,,,7,,0.9953138563179508,0.17033002418417736,0.0,0.14367596247077835,0.0
2020-01-10,Support,DOJI_SPINOFF,,,8,,0.0,0.8530411632294943,0.0,0.8592007451579748,0.7271121661308685
2020-01-13,Support,MARUBOZU,,,11,,0.0,0.6566298203451593,0.0,0.0,0.0
2020-01-14,Support,,BEARISH HARAMI  ,,12,,-0.0,0.18593569773655433,0.0,0.0,0.0
2020-01-15,Support,DOJI_SPINOFF,BULLISH (Matching Low),,13,,-0.0,0.7382662191413786,0.0,0.6671071892532675,1.4950565634520747
2020-01-16,Resistance,,,BEARISH Abandoned Baby,14,2.0,0.48317280181138783,0.2951765396388715,0.0,0.30296289289094624,0.0
2020-01-17,Support,,,,3,,0.0,0.033154503634251056,0.0,0.0828616991715994,0.0
2020-01-21,Support,short,BEARISH HARAMI  ,,6,,-0.06298704900213198,0.6231982741973373,0.0,0.0,0.5359544278178309
2020-01-22,Support,,,,7,,0.2961106349801208,0.456642913606198,0.0,0.0,0.14524324927865312
2020-01-23,Support,,,,8,,0.0,0.2520998089152807,0.0,0.9196897510856259,0.0
2020-01-24,Support,,BEARISH (Dark Cloud Cover),,9,,0.0,0.03594425341460764,0.0,0.0,1.1489337888189641
2020-01-27,Resistance,DOJI_SPINOFF,,,25,12.0,-2.263584681105533,0.27243496486813296,1.0,1.4677457003778285,0.15261447580174228
2020-01-28,Resistance,long,,,26,4.0,0.3360595087229473,0.9611823080095828,0.0,0.0,0.0
2020-01-29,Support,DOJI,,,5,,0.9513358372113585,0.536496305686943,0.0,0.7378683457411257,0.9802621078008927
2020-01-30,Support,,,,6,,-0.07709176312157538,0.45069536004428723,0.0,0.04299332261519702,0.0
2020-01-31,Support,long,,,4,2.0,-0.0,1.4163687790303379,0.0,0.0,0.16645780326116788
2020-02-03,Resistance,,BEARISH (Meeting Lines),,7,5.0,-0.3915143859026143,0.09352099606920287,0.0,0.2157694458727517,1.293802039573542
2020-02-04,Resistance,,,,8,6.0,0.5564790028242915,0.07670138926647188,0.0,0.0,0.0
2020-02-05,Resistance,short,,,9,7.0,0.07486219390542549,0.3327228352704249,0.0,0.3520175079253585,0.0
2020-02-06,Resistance,,,,10,8.0,0.0,0.16451848383102002,0.0,0.19315667931782457,0.0
2020-02-07,Resistance,,,,11,9.0,-0.0,0.23032065396173318,0.0,0.041114918074508386,0.0
2020-02-10,Resistance,LONG_MARUBOZU,BULLISH (Piercing Pattern),,14,12.0,-0.46173737839072376,0.7174675355515064,0.0,0.0,0.0
2020-02-11,Resistance,,BEARISH (Meeting Lines),,15,13.0,0.0,0.005678783803143391,0.0,0.0,0.0
2020-02-12,Resistance,MARUBOZU,,,2,14.0,0.0,0.3130028631762965,0.0,0.0,0.0
2020-02-13,Resistance,SPIN_TOP,BEARISH HARAMI  ,,3,15.0,-0.0,0.6520072314600199,0.0,0.0,0.5079207055954839
2020-02-14,Resistance,DOJI_SPINOFF,,,4,16.0,-0.0,0.672111377351405,0.0,0.4538354871331753,0.11984707596165649
2020-02-18,Resistance,,,,8,20.0,-1.428498987058356,0.11815846512266046,0.0,0.0,0.0
2020-02-19,Resistance,,,,9,21.0,0.0,0.10474513997715679,0.0,0.0,0.05554349989436234
2020-02-20,Support,,BEARISH HARAMI  ,,2,22.0,-0.0,0.2130930335695742,0.0,0.766230503881703,0.8302990671048144
2020-02-21,Support,,,,25,11.0,-0.0,0.5113800456115809,0.0,0.7809751002403211,0.4809307581591655
2020-02-24,Resistance,DOJI_SPINOFF,,,49,21.0,-2.0897018251375465,0.24185583194787372,0.0,2.0515232496953204,1.8545003752360574
2020-02-25,Resistance,long,BEARISH ENGULFING,,67,50.0,0.0,0.8026094552038358,0.0,0.0,0.0
2020-02-26,Support,,,,68,51.0,-0.0,0.15975627025568195,0.0,0.0,1.01694005398572
2020-02-27,Support,,,,83,69.0,-1.11275268028501,0.11758969965894425,0.0,0.0,0.6265642547505605
2020-02-28,Resistance,,BEARISH (Meeting Lines),,84,70.0,-1.1886605433330102,0.18897443054128127,0.0,0.0,0.4927834729293833
2020-03-02,Resistance,,,,87,28.0,0.1584030902621932,0.5282666500509112,1.0,1.114695465427629,0.0
2020-03-03,Resistance,,BEARISH (Dark Cloud Cover),,88,29.0,0.0,0.33862443357305455,0.0,0.46405744450804304,0.0
2020-03-04,Support,,BULLISH HARAMI,,89,30.0,0.0,0.28025983829823065,0.0,0.288462097134225,0.0
2020-03-05,Support,short,,,90,2.0,-0.005442001194095299,0.5238027474088518,0.0,0.0,0.5213517950655899
2020-03-06,Support,,,,91,3.0,-0.3891797348446238,0.1074220878348244,0.0,0.0,0.0
2020-03-09,Support,DOJI_SPINOFF,,,124,6.0,-1.2923697140702384,0.5520334997762427,0.0,0.0,1.8334911924742245
2020-03-10,Support,,,,125,7.0,0.0,0.12779288038272787,1.0,1.66132320027957,0.0
2020-03-11,Support,SPIN_TOP,,,2,8.0,-0.0,0.6829011121918931,0.0,0.17517137939485175,0.041854059017915564
2020-03-12,Resistance,,,,133,127.0,-0.61053865027053,0.10031272695946622,0.0,0.0,1.5269074934852536
2020-06-25,Support,,BULLISH HARAMI,,15,2.0,0.0,0.08272404259798835,0.0,0.4237069772453298,0.0
2020-06-26,Support,MARUBOZU,,,16,3.0,-0.0,0.7129238222879232,0.0,0.0,0.0
2020-06-29,Resistance,,,,19,6.0,-0.0,0.29342075794376987,0.0,0.02570005758469761,0.0
2020-06-30,Resistance,,,,20,7.0,-0.0,0.18184741681589134,0.0,0.0,0.0
2020-07-01,Resistance,INV_HAMMER,,,2,8.0,0.0,0.586791991247376,0.0,0.0,0.35978937935166994
2020-07-02,Resistance,,,,3,9.0,0.8819061626921352,0.17670890212751403,0.0,0.0,0.43627283403395817
2020-07-06,Support,,,,13,,1.1839728069298028,0.14486345411207213,0.0,0.0,0.046973578834153616
2020-07-07,Support,,,,14,,0.0,0.3056991390434536,0.0,0.0,0.5345050775637992
2020-07-08,Support,MARUBOZU,,,15,,0.4547845711617229,0.05988214803434087,0.0,0.0,0.0
2020-07-09,Support,,BEARISH (Meeting Lines),,16,,0.25357963723327615,0.4027025957249948,0.0,1.918170916678693,0.0
2020-07-10,Support,,,,17,,-0.0,0.26785497363163985,0.0,0.5836546368013679,0.0
2020-07-13,Support,,BEARISH (Dark Cloud Cover),,20,,0.7078779954548913,0.3806504168874108,0.0,0.0,2.6238562931944456
2020-07-14,Support,,BULLISH (Piercing Pattern),,21,,-0.0,0.5738532257833958,0.0,1.0308136050904901,0.0
2020-07-15,Resistance,,BEARISH (Meeting Lines),,22,2.0,0.9853381272216515,0.012681230351071012,0.0,1.0169157262833068,0.0
2020-07-16,Resistance,DOJI,BULLISH (Matching Low),,2,3.0,-0.15353676072626748,0.7698586859553027,0.0,0.006909444545642916,0.3543020191070692
2020-07-17,Resistance,,,,3,4.0,0.0,0.23393648542765416,0.0,0.0,0.0
2020-07-20,Resistance,,,,6,7.0,0.0,0.49773696322891753,0.0,0.0,0.0
2020-07-21,Resistance,,BEARISH (Dark Cloud Cover),,4,8.0,0.05850673617493667,0.5373962385946595,0.0,0.0,0.0
2020-07-22,Support,,BEARISH (Meeting Lines),,5,9.0,-0.0,0.40569071073363516,0.0,0.0,0.5565847490095945
2020-07-23,Support,long,,,30,9.0,-0.0,0.6530568359487593,0.0,0.6825538093712687,0.0
2020-07-24,Resistance,,BEARISH (Meeting Lines),,31,10.0,-1.2175429448993433,0.03580402936162262,0.0,1.486048881905484,0.0
2020-07-27,Resistance,,,,34,13.0,0.2380831090650916,0.2842209324820397,0.0,0.0,0.0
2020-07-28,Resistance,,,,35,14.0,-0.0,0.21415310077102667,0.0,0.0,0.0
2020-07-29,Resistance,,,,36,12.0,0.0,0.0932054862652658,0.0,0.0,0.0
2020-07-30,Resistance,,,,37,13.0,-0.11107195480116382,0.2085052182552098,0.0,0.0,0.0
2020-07-31,Support,,,BULLISH Three White Soldiers,18,,2.628416758083402,0.0,0.0,1.8112456236662438,0.0
2020-08-03,Support,DOJI_SPINOFF,,,21,,0.04181719389662804,0.2586426738118376,0.0,0.0,2.966213612706256
2020-08-04,Support,SPIN_TOP,,,22,,0.0,0.5665251779345027,0.0,0.10954661350087647,0.47774355117909434
2020-08-05,Resistance,short,,,23,2.0,-0.0,0.326588459064882,1.0,0.0,0.0
2020-08-06,Support,,,,3,,0.0,0.9312362996320529,0.0,0.0,0.0
2020-08-07,Support,,BEARISH HARAMI  ,,4,,-0.0,0.15740434732257175,0.0,0.23189451239174017,0.0
2020-08-10,Support,DOJI,BULLISH HARAMI CROSS,,7,4.0,0.30121070163145625,0.8186635873181889,0.0,1.5556769667286272,0.5040264200653406
2020-08-11,Support,,,,8,5.0,-0.0,0.5235813086077749,0.0,0.0,0.0
2020-08-12,Resistance,,,,9,6.0,0.037224253147925115,0.32417419646242895,0.0,0.0,0.0
2020-08-13,Support,short,,,7,,0.24165952976454563,0.5763332758897839,0.0,0.0,0.5384457683179932
2020-08-14,Support,DOJI,BEARISH HARAMI CROSS,,8,,-0.0,0.8350905147853626,0.0,0.9687935432801603,0.0
2020-08-17,Support,,BEARISH ENGULFING,,11,,0.15208940804138035,0.05063260746931029,0.0,0.0,0.0
2020-08-18,Support,,,,12,,-0.0,0.05831220003460415,0.0,0.0,0.0
2020-08-19,Support,DOJI_SPINOFF,,,13,,0.0,0.6941440489811981,0.0,0.0,0.9902513129859994
2020-08-20,Support,LONG_MARUBOZU,,,14,,0.0,0.677554525226446,0.0,0.0,0.0
2020-08-21,Support,LONG_MARUBOZU,,,15,,0.38745341413360984,0.2813232272160384,0.0,0.0,0.0
2020-08-24,Support,,BEARISH (Meeting Lines),,18,,2.1607263507994,0.11344540202877583,0.0,1.722005860353014,0.0
2020-08-25,Support,DOJI_SPINOFF,,,19,,-0.0,0.915078922641447,0.0,0.8766410906423032,0.0
2020-08-26,Resistance,DOJI_SPINOFF,,,20,2.0,0.014080283788600694,0.6171942364888313,1.0,0.1964141002788223,0.1054401437634547
2020-08-27,Resistance,,BEARISH ENGULFING,,21,3.0,0.0,0.22392642691979117,0.0,0.22145569067205267,0.0
2020-08-28,Resistance,,BULLISH (Matching Low),,22,4.0,0.0,0.22847784420407394,1.0,0.0,0.03927448787973455
2020-08-31,Support,SPIN_TOP,,,7,,0.8989211135325131,0.054827594468408666,0.0,0.634225096088832,1.8206044922547548
2020-09-01,Support,,,,8,,0.9883037699512288,0.05840706226654541,0.0,0.8637874958651525,0.0
2020-09-02,Support,long,BEARISH ENGULFING,,9,,0.5854784659430889,1.5428443295174747,0.0,1.4733760707347818,0.0
2020-09-03,Support,,,,28,,-0.7429550502775828,0.7284277967751168,1.0,0.0,1.2312579377853285
2020-09-04,Support,DOJI_SPINOFF,,,29,2.0,-0.0,0.35981803423141223,0.0,2.147625870491467,1.2721710769593664
2020-09-08,Support,INV_HAMMER,,,28,6.0,-1.247134940611556,0.5179817425805827,0.0,0.0,1.6484427276100737
2020-09-09,Support,DOJI,,,5,7.0,0.3215805199320277,0.7819156320754634,0.0,0.0,0.0
2020-09-10,Support,long,BEARISH ENGULFING,,6,8.0,0.0,1.2114242250927747,0.0,0.0,0.0
2020-09-11,Support,,BULLISH (Matching Low),,7,9.0,0.0,0.07110882896601214,0.0,0.0,0.0
2020-09-14,Support,short,,,10,4.0,0.0,0.5297655462938661,0.0,0.0,0.0
2020-09-15,Support,,,,11,5.0,0.031107218895839346,0.12168478850912248,0.0,0.0,0.0
2020-09-16,Support,,,,12,6.0,-0.0,0.16473081842855525,0.0,0.0,0.0
2020-09-17,Support,DOJI_SPINOFF,,,6,2.0,-0.0,0.6940990881508692,0.0,0.0,0.5497736744700735
2020-09-18,Resistance,,BEARISH ENGULFING,,67,38.0,0.0,0.2574703439049888,0.0,0.0,0.0
2020-09-21,Resistance,,BULLISH (Piercing Pattern),,70,10.0,-0.12510221019304021,0.8037906665334404,0.0,0.019063837504083466,0.0
2020-09-22,Resistance,HAMMER,,,71,11.0,0.21195024739900603,0.6189293846133199,0.0,0.6178666105454702,0.0
2020-09-23,Resistance,,,,2,12.0,-0.0,0.410970894171057,0.0,0.0,0.0
2020-09-24,Resistance,,BEARISH (Meeting Lines),,3,2.0,-0.07206381876910686,0.018489838397327173,0.0,0.0,1.1278898836012126
2020-09-25,Resistance,,,,4,3.0,0.0,0.18910930265229176,1.0,0.0,0.0
2020-09-28,Support,DOJI,,,6,13.0,0.551925762679948,0.7770965346505014,0.0,0.6782428356637866,0.0
2020-09-29,Support,SPIN_TOP,,,7,14.0,-0.0,0.488721784162579,0.0,0.0,0.04003232071363258
2020-09-30,Support,,BULLISH ENGULFING,,8,15.0,-0.0,0.05084075553624307,0.0,0.0,0.674999597874849
2020-10-01,Support,,BEARISH (Meeting Lines),,9,16.0,0.32309382547386944,0.4295927850851467,0.0,0.0,0.0
2020-10-02,Support,DOJI,,,10,17.0,-1.1187176477736778,0.881147248324578,0.0,0.0,1.3160094488260847
2020-10-05,Support,long,,,13,4.0,0.0,0.34621996873904126,1.0,0.0,0.0
2020-10-06,Support,,,,4,5.0,-0.0,0.29300055619226206,0.0,0.09086108890238104,0.0
2018-04-26,Support,DOJI,,,2,34.0,0.0,0.8024788065465295,0.0,0.05609636259524163,0.4798886605510185
2018-04-27,Resistance,,,,3,35.0,-0.0,0.10059977151013309,0.0,0.9024788292100223,0.0
2018-04-30,Resistance,,BULLISH ENGULFING,,6,38.0,-0.0,0.5696835062440717,0.0,0.0,0.8252013773543022
2018-05-01,Resistance,,,,7,14.0,0.46741843736444333,0.21872356545346494,0.0,0.34926256022034635,0.0
2018-05-02,Resistance,,,BULLISH Three White Soldiers,8,15.0,2.4899515101120886,0.12784151819474562,0.0,0.4991744596179946,0.22539712031459433
2018-05-03,Resistance,,,BULLISH Three White Soldiers,9,16.0,-0.0,0.3323783668609518,0.0,0.3842469737266766,0.0
2018-05-04,Support,LONG_MARUBOZU,,,52,,0.0,0.9643145418536228,0.0,0.0,0.0
2018-05-07,Support,DOJI,,,55,,0.0,0.9558175215178101,0.0,0.0,1.2294464880244926
2018-05-08,Support,,BULLISH ENGULFING,,56,,-0.0,0.28539108474604785,0.0,0.5039247703987345,0.0
2018-05-09,Resistance,short,,,57,2.0,0.0,0.3074585858197932,0.0,0.3817456023840744,0.0
2018-05-10,Support,,,,3,,0.0,0.24489192999176157,0.0,0.0,0.0
2018-05-11,Support,,BEARISH HARAMI  ,,4,,-0.0,0.331768210416347,0.0,0.3178989894965841,0.0
2018-05-14,Support,,BULLISH (Matching Low),,7,4.0,0.0,0.26800162049950405,0.0,0.0,0.0
2018-05-15,Support,DOJI_SPINOFF,BULLISH (Matching Low),,8,5.0,-0.49512404331783877,0.5698815131069082,1.0,0.5476384992582913,0.0
2018-05-16,Support,,BULLISH ENGULFING,,9,6.0,-0.0,0.33510256470248584,0.0,0.0,0.0
2018-05-17,Support,,BEARISH HARAMI  ,,2,7.0,-0.0,0.16149506165383948,0.0,0.0,0.5251006821070487
2018-05-18,Support,,BULLISH (Matching Low),,3,8.0,0.0,0.21973068426489203,1.0,0.0,0.032289330606187466
2018-05-21,Support,DOJI_SPINOFF,BULLISH (Matching Low),,6,11.0,1.0957305444196048,0.514620488497254,1.0,0.14355493763668234,0.7574651168465296
2018-05-22,Support,,,,7,12.0,0.0,0.06094227423727938,0.0,0.0,0.0
2018-05-23,Resistance,,BULLISH (Piercing Pattern),,8,2.0,-0.015099497212960649,0.5270549700550031,0.0,0.008468238719986263,0.0
2018-05-24,Resistance,HAMMER,BEARISH (Meeting Lines),,9,3.0,0.0,0.4395870123640035,0.0,1.3334106513586357,0.0
2018-05-25,Resistance,DOJI_SPINOFF,BULLISH HARAMI CROSS,,2,4.0,0.0,0.5388640580345216,0.0,0.0,0.7950080651464957
2018-05-29,Resistance,DOJI_SPINOFF,,,6,8.0,-0.447499285964935,0.6268613515690743,0.0,0.0,0.3234481144702726
2018-05-30,Resistance,DOJI_SPINOFF,,,7,9.0,-0.0,0.6349974606868888,0.0,0.0,0.0
2018-05-31,Resistance,DOJI_SPINOFF,,,8,10.0,-0.0,0.3718800542333188,0.0,0.0,0.5414363563596771
2018-06-01,Resistance,long,,,11,22.0,0.756731568376325,1.2524531713937377,0.0,0.0,0.0
2018-06-04,Support,DOJI_SPINOFF,,,25,,0.7982591587170783,0.6594553183167571,0.0,0.0,1.1760159330519124
2018-06-05,Support,DOJI_SPINOFF,,,26,,0.4373193397568169,0.6258330287231286,1.0,0.14532413610372588,0.0
2018-06-06,Support,HAMMER,,,27,,0.0,0.42753941706358234,1.0,1.0989817673099285,0.0
2018-06-07,Support,,BEARISH ENGULFING,,28,,0.0,0.02902778460450827,0.0,0.29129128252833814,0.0
2018-06-08,Support,,BEARISH (Meeting Lines),,29,,-1.4110292335452304,0.14068214261010278,0.0,0.44742358750690636,0.0
2018-06-11,Support,DOJI_SPINOFF,BEARISH HARAMI CROSS,,32,4.0,-0.0,0.6436605551340062,0.0,0.04419467896312625,0.25543112041003596
2018-06-12,Support,,,,4,5.0,0.0,0.3790526715029755,0.0,0.0,0.0
2018-06-13,Support,long,BEARISH ENGULFING,,5,6.0,0.0,1.1070539065861646,0.0,0.0,0.0
2018-06-14,Support,,,,6,7.0,0.29821334213838857,0.059716932256737416,0.0,0.0,0.0
2018-06-15,Support,,,,25,7.0,-0.1395568219094639,0.0,0.0,0.0,0.0
2018-06-18,Support,,BEARISH (Meeting Lines),,28,10.0,-0.319783638835638,0.006174496963622004,0.0,0.0,0.3226417994391738
2018-06-19,Support,DOJI_SPINOFF,,,43,11.0,-1.880727496488632,0.2577891646319999,0.0,0.9499729674204148,0.5485492950493065
2018-06-20,Support,DOJI_SPINOFF,,,44,12.0,0.0,0.604545998288858,0.0,0.0,0.5040207084845097
2018-06-21,Support,,BEARISH ENGULFING,,37,13.0,0.0,0.980270328236314,0.0,0.0,0.8939476611995183
2018-06-22,Resistance,,BULLISH (Matching Low),,3,38.0,0.0,0.2624471367222952,1.0,0.0,0.0
2018-10-05,Support,,,,15,2.0,-0.0,0.5998673039518205,0.0,1.8851237224436979,0.0
2018-10-08,Support,,,,18,5.0,-0.8484189638960883,0.2431348367769379,0.0,0.4179293512648984,0.0
2018-10-09,Support,,,,19,6.0,-0.0,0.3666967394485264,1.0,0.0,0.0
2018-10-10,Support,LONG_MARUBOZU,,,30,7.0,-0.3702715605944303,1.0827103009981323,0.0,0.0,0.0
2018-10-11,Resistance,DOJI,BULLISH (Matching Low),,50,31.0,-0.5640288177716652,0.5050523933389445,1.0,0.5441302229988999,1.9505844499428098
2018-10-12,Support,,,BEARISH Abandoned Baby,51,9.0,1.9150338604919126,0.3330231736192654,0.0,1.0117747539659478,0.0
2018-10-15,Support,,,,54,12.0,-0.0,0.27380124450556836,0.0,0.0,0.0
2018-10-16,Support,,,,55,13.0,0.0,0.07848351793480694,0.0,0.3556218518254779,0.0
2018-10-17,Support,,,,56,14.0,0.0,0.4072383386940369,0.0,0.1250501099639525,0.0
2018-10-18,Resistance,SPIN_TOP,,,57,2.0,-0.818455757876658,0.2541808332638816,0.0,0.5941003274016045,0.5125639718725576
2018-10-19,Resistance,,,,58,3.0,0.09138571091266529,0.4366250371790544,0.0,0.0,0.4218194452589256
2018-10-22,Resistance,DOJI_SPINOFF,,,61,6.0,0.0,0.5148620753591628,0.0,0.0,0.6781754434330863
2018-10-23,Resistance,long,,,62,7.0,-1.1918654473826875,1.1499907183978766,0.0,0.0,0.0
2018-10-24,Support,long,,,63,8.0,-0.0,0.8254463587883496,0.0,0.0,0.12048002479750652
2018-10-25,Support,,BULLISH HARAMI,,64,9.0,0.33144480217913525,0.34664071086734705,0.0,0.0,0.06936717324519633
2018-10-26,Support,DOJI_SPINOFF,,,65,10.0,-0.6816878807866397,0.5960628649655317,0.0,1.032566369340311,1.0301188051309718
2018-10-29,Resistance,,BEARISH ENGULFING,,77,68.0,0.19278607126483502,0.7253883669385479,0.0,1.54303078709963,0.0
2018-10-30,Resistance,,,,78,69.0,-0.0,0.3489317314683865,0.0,0.0,0.10659426754784734
2018-10-31,Resistance,,,,2,15.0,0.47022683663045495,0.35668499576872387,0.0,0.0,0.0
2018-11-01,Support,,,BULLISH Three White Soldiers,3,16.0,0.0,0.010468914392167798,0.0,0.12037256857351412,0.0
2018-11-02,Support,,,,4,17.0,-2.197927415890673,0.056960075924960434,0.0,0.020638427777138674,1.1689563277488646
2018-11-05,Resistance,,,,102,89.0,-0.0,0.04646490756920239,0.0,0.5098173782388671,0.0
2018-11-06,Resistance,,BULLISH HARAMI,,103,90.0,0.0,0.2023680766584367,0.0,0.0,0.0
2018-11-07,Resistance,,,,2,9.0,0.0,0.2568475524257609,0.0,0.0,0.0
2018-11-08,Support,,,,3,10.0,0.0,0.262213448922767,0.0,0.0,0.0
2018-11-09,Support,short,BULLISH (Matching Low),,4,11.0,-0.1523201536636401,0.45555559414250824,1.0,0.1535960724462566,0.0
2018-11-12,Support,,,,118,7.0,-0.7748022530501796,0.5754402170268975,0.0,0.0,0.0
2018-11-13,Support,DOJI_SPINOFF,,,119,8.0,-0.0,0.6976368422452502,0.0,0.0,2.022829288364864
2018-11-14,Resistance,long,BEARISH ENGULFING,,146,126.0,0.0,0.8208082051268811,0.0,0.0,0.0
2018-11-15,Support,,BULLISH HARAMI,,147,10.0,0.0,0.06342750060315065,0.0,0.1266879273159456,0.0
2018-11-16,Support,,,,2,11.0,-0.0,0.041243007219651545,1.0,0.0,0.09680580768582905
2018-11-19,Support,,,,151,5.0,-0.42684420435113213,0.218083018140621,0.0,0.0,0.0
2018-11-20,Resistance,SPIN_TOP,,,210,148.0,-1.2120543217835575,0.3259126542391464,1.0,0.17826373692985412,1.004642801828808
2018-11-21,Resistance,,,,211,149.0,0.0,0.010135697731667838,0.0,0.0,0.0
2018-11-23,Resistance,,BULLISH (Matching Low),,213,151.0,-0.0,0.054695382498629125,0.0,0.0,0.16853355654924454
2018-11-26,Resistance,DOJI_SPINOFF,BULLISH HARAMI CROSS,,216,154.0,0.0,0.788675262815255,0.0,1.7200375886978545,0.0
2018-11-27,Resistance,,,,217,155.0,-0.08336255143375533,0.08403331050873099,1.0,0.0,0.0
2018-11-28,Resistance,,,,2,156.0,0.0,0.4528874108123317,0.0,0.28525586555735694,0.0
2018-11-29,Resistance,,BEARISH (Meeting Lines),,3,157.0,0.0,0.07997439618070017,0.0,0.24812213432294397,0.0
2018-11-30,Resistance,,BULLISH (Matching Low),,4,158.0,0.0,0.336824262590105,0.0,0.037102058909729875,0.0
2018-12-03,Support,DOJI_SPINOFF,,,7,157.0,1.0116927147131944,0.8196655652121551,0.0,0.7918953091173376,0.0
2018-12-04,Support,,,,8,158.0,-0.25035963892672664,0.6258646746934906,0.0,0.0,0.9780493451847527
2018-12-06,Support,,BEARISH (Meeting Lines),,10,3.0,-0.4378518617122907,0.10382010802857548,0.0,0.0,0.0
2018-12-07,Resistance,,,,227,11.0,-0.0,0.610399962029777,0.0,0.0,0.47476115420705944
2018-12-10,Resistance,,BEARISH (Meeting Lines),,230,14.0,-0.12118302137232753,0.23396394327450207,0.0,0.237407642507653,0.0
2018-12-11,Resistance,,BEARISH (Meeting Lines),,231,15.0,0.0,0.08179595776223016,0.0,0.16380499809249402,0.0
2018-12-12,Resistance,short,,,2,16.0,0.0,0.4513337998901634,0.0,0.0,1.091561470296213
2018-12-13,Support,DOJI_SPINOFF,,,3,17.0,0.0,0.6213330945277306,0.0,0.0,0.8219800751585057
2018-12-14,Support,MARUBOZU,,,4,18.0,-0.0,0.30664054975477306,0.0,0.0,0.0
2018-12-17,Support,,BULLISH (Matching Low),,7,4.0,-0.0,0.36833828922070655,1.0,0.21028650740439878,1.5564520174578849
2018-12-18,Support,SPIN_TOP,,,8,5.0,0.0,0.5650738257103937,0.0,0.0,0.22320319518076054
2018-12-19,Support,long,,,239,9.0,-0.0,0.7565390059169215,0.0,0.5736900398731691,0.1691587921865792
2018-12-20,Support,,BULLISH (Matching Low),,517,240.0,-0.0,0.1530787220103426,1.0,0.2602704696830291,0.2899578920510552
2018-12-21,Support,,,BEARISH Three Black Crows,518,241.0,0.0,0.20876465104536882,0.0,0.0,0.0
2018-12-24,Resistance,INV_HAMMER,BULLISH (Matching Low),,539,521.0,-0.8797837989586839,0.4061408715367656,0.0,0.0,1.0012102802369882
2018-12-26,Support,,,,541,246.0,0.05738214970850209,1.038822830664239,0.0,0.40846154491315884,0.0
2018-12-27,Support,DOJI,BEARISH HARAMI CROSS,,3,247.0,-0.0,0.9086887569264092,0.0,1.9335201172160883,0.0
2018-12-28,Support,short,,,4,248.0,0.0,0.4799886907480649,0.0,0.0,0.0
2018-12-31,Support,SPIN_TOP,BULLISH (Matching Low),,7,251.0,0.49125503399466647,0.5070578996193955,0.0,0.0,0.0
2019-01-02,Support,,,,9,253.0,-0.6010479193370845,0.09898801767466966,0.0,0.0,0.0
2019-01-03,Resistance,,,,632,566.0,-2.492878249469603,0.0942642143753579,0.0,0.0,0.42449132192060096
2019-01-04,Resistance,,,,633,4.0,0.0,0.3344044947312491,0.0,0.0,0.0
2019-01-07,Resistance,HAMMER,,,4,7.0,0.0,0.673931861166482,0.0,0.48041423208824163,0.0
2019-01-08,Resistance,,,,5,8.0,0.0,0.35301127239191477,0.0,0.0,0.1653224718649091
2019-01-09,Resistance,,,,6,9.0,0.0,0.05101796419633517,0.0,0.20774265419597637,0.2537595268929937
2019-01-10,Resistance,,,BULLISH Three White Soldiers,7,10.0,-0.0,0.2565827547035346,0.0,0.15270203271349472,0.0
2019-01-11,Resistance,SPIN_TOP,,,8,2.0,-0.0,0.4008516304100807,0.0,0.0,0.0
2019-01-14,Resistance,,,,11,5.0,-0.0,0.3529350586874802,0.0,0.0,0.0
2019-01-15,Resistance,,,,12,6.0,0.0,0.4018787809084728,0.0,0.0,0.0
2019-01-16,Support,,,,7,16.0,0.0,0.022596053135793204,0.0,0.0,0.3020894802773263
2019-01-17,Support,,,BULLISH Three White Soldiers,8,17.0,-0.0,0.05568555827533607,0.0,0.07741313721337777,0.9609300867900545
2019-01-18,Support,short,,,9,18.0,0.3097790370523111,0.5327891357485254,0.0,0.0,0.0
2019-01-22,Resistance,,,,8,22.0,-0.0,0.5828371894121205,0.0,0.0,0.0
2019-05-06,Support,long,,,12,5.0,-1.6122313228801564,1.4770540046536216,0.0,0.0,0.0
2019-05-07,Support,,,,7,6.0,-0.0,0.4779912060586491,0.0,0.9163120663693862,0.2201135785217332
2019-05-08,Support,INV_HAMMER,,,8,7.0,-0.0,0.3553567857599377,0.0,0.0,0.6545539303350041
2019-05-09,Support,DOJI_SPINOFF,,,9,8.0,-0.008897291586436542,0.7115003224037698,0.0,1.6466133730359793,0.0
2019-05-10,Support,DOJI,,,28,10.0,-0.2562217914204322,0.6273984976591609,0.0,1.2522835998337263,0.029231748439455783
2019-05-13,Support,,,,54,31.0,-1.4459911100610092,0.21308591178793526,0.0,0.3513331462207251,0.21297317481438102
2019-05-14,Support,,,,55,32.0,0.0,0.44431865531738446,0.0,0.0,0.0
2019-05-15,Support,long,,,56,33.0,-0.0,0.8974258702623666,1.0,0.0,0.0
2019-05-16,Support,DOJI,BEARISH HARAMI CROSS,,57,34.0,-0.0,0.8454889116219046,0.0,0.0,0.6101272656560498
2019-05-17,Support,,,,58,35.0,-0.11798801613854691,0.13437527590917187,1.0,0.0,0.21848234370549297
2019-05-20,Resistance,DOJI_SPINOFF,,,7,61.0,-0.659780579637749,0.6607244708106932,0.0,0.809418718102639,0.0
2019-05-21,Resistance,,,,8,56.0,0.0,0.08046899161829053,0.0,0.0,0.0
2019-05-22,Support,,,,9,57.0,-0.0,0.16117503645856354,0.0,0.0,0.0
2019-05-23,Resistance,DOJI_SPINOFF,BULLISH (Matching Low),,106,58.0,-0.028295786909974183,0.8284428223677192,1.0,0.4416615964471948,0.0
2019-05-24,Resistance,,,,107,59.0,0.0,0.04529926932864225,0.0,0.0,0.41677570371595984
2019-05-28,Support,,BULLISH (Matching Low),,5,63.0,-0.0,0.3782002329186058,1.0,0.0,0.17277097588299514
2019-05-29,Resistance,,BEARISH (Meeting Lines),,112,6.0,-0.0,0.1556484710472281,0.0,0.0,0.29328340605809294
2019-05-30,Resistance,DOJI_SPINOFF,,,113,7.0,0.0,0.4721744051018593,0.0,0.3558435676149275,0.0
2019-05-31,Resistance,,,,114,8.0,-0.15450291318387585,0.11326238343548373,0.0,0.0,0.19076089631188808
2019-06-03,Resistance,SPIN_TOP,,,110,11.0,0.0,0.5624516759252164,0.0,1.5360208849360164,0.4223277498877074
2019-06-04,Resistance,long,,,111,12.0,0.2828252994713373,1.3282902912922314,0.0,0.0,0.0
2019-06-05,Resistance,,BEARISH (Meeting Lines),,2,71.0,1.1009531272989594,0.02627891198420296,0.0,0.17526590463531766,0.0
2019-06-06,Resistance,,,,3,72.0,0.0,0.11999401355786728,0.0,0.0,0.0
2019-06-07,Resistance,,,,4,22.0,0.0,0.6432992576304306,0.0,0.0,0.48080573221501877
2019-06-10,Resistance,INV_HAMMER,,,25,59.0,0.0,0.5446124342143168,0.0,0.0,0.8784823424375943
2019-06-11,Resistance,DOJI,,,26,60.0,0.2245119362130061,0.9150330861540061,0.0,0.25404243815880256,0.0
2019-06-12,Resistance,DOJI_SPINOFF,,,27,61.0,-0.0,0.5622285691334968,0.0,0.0,0.1966581727705552
2019-06-13,Support,DOJI_SPINOFF,,,28,62.0,0.0,0.45384952375375776,0.0,0.0,0.3086828375313355
2019-06-14,Support,long,BEARISH (Meeting Lines),,29,63.0,-0.5562459596366294,0.0005345483995160541,0.0,0.37492007201441985,0.0
2019-06-17,Resistance,,,,32,4.0,0.0,0.09344138545683098,0.0,0.0,0.0
2019-06-18,Resistance,long,,BULLISH Three White Soldiers,5,67.0,0.4051892139652737,0.6356821121175771,0.0,0.0,0.25047455867713386
2019-06-19,Resistance,,,,6,68.0,0.0,0.219803830278262,0.0,0.0,0.0
2019-06-20,Resistance,,BULLISH (Matching Low),,7,51.0,0.50012455441108,0.3132123874701465,1.0,0.547692925420966,0.0
2019-06-21,Resistance,DOJI,BULLISH (Matching Low),,8,52.0,-0.0,0.2423980895383695,1.0,0.0,0.6549698199631376
2019-06-24,Resistance,DOJI,,,11,55.0,-0.0,0.6802638934574445,0.0,0.0,0.214684723440453
2019-06-25,Resistance,long,,,12,4.0,-0.0,1.0153230871741934,0.0,0.0,0.0
2019-06-26,Resistance,,,,13,5.0,0.7404190483588187,0.4175214136981866,0.0,0.0,0.0
2019-06-27,Resistance,short,,,2,6.0,0.0,0.48597950522115474,0.0,0.0,0.0464311712791374
2019-06-28,Resistance,SPIN_TOP,,,3,7.0,-0.0,0.26961430053947366,0.0,0.4220546200856468,0.0
2019-07-01,Support,,,,10,61.0,1.8162078037737532,0.28064274996784777,0.0,0.35502882860024,0.11854052314170471
2019-07-02,Support,,,,11,62.0,-0.0,0.033014262494698875,0.0,0.0,0.0
2019-07-03,Resistance,,,,12,2.0,0.0,0.0449730733914483,0.0,0.05482312218886218,0.0
2019-07-05,Support,,BEARISH HARAMI  ,,14,4.0,-0.0,0.20482717149351293,0.0,0.0,0.0
2019-07-08,Support,,,,17,7.0,-1.0167628860443094,0.2373023144912977,0.0,1.1931598654620132,0.0
2019-07-09,Resistance,,BULLISH ENGULFING,,18,8.0,-0.0,0.5748371006952046,0.0,0.0,0.0
2019-07-10,Resistance,,,,2,9.0,0.0,0.05800638847158158,0.0,0.0,0.0
2019-07-11,Resistance,,BEARISH ENGULFING,,3,10.0,0.0,0.15866757531341344,0.0,0.0,0.4492513378741709
2019-07-12,Resistance,,BULLISH HARAMI,,4,11.0,0.0,0.2796592184027178,0.0,0.0,0.0
2019-07-15,Support,,,,14,75.0,0.0,0.07592386245256644,1.0,0.0,0.0
2019-07-16,Support,DOJI,BEARISH HARAMI CROSS,,15,76.0,-0.0,0.8049518386821157,0.0,1.0021457121335329,0.7513464053717271
2019-07-17,Support,,,,16,77.0,-0.0,0.21148638965030217,0.0,0.0,0.1579961784775847
2019-07-18,Resistance,,,,17,2.0,0.0,0.514754033175202,0.0,0.0,0.0
2019-07-19,Resistance,long,BEARISH ENGULFING,,11,3.0,0.0,1.0360835859217206,0.0,0.0,0.0
2019-07-22,Resistance,MARUBOZU,,,6,82.0,0.40275438278171816,0.7875181325890628,0.0,0.0,0.0
2019-07-23,Resistance,HAMMER,,,7,83.0,0.46968418080182456,0.7268381649146008,0.0,1.5096938841520329,0.0
2019-07-24,Resistance,,,,8,84.0,-0.2956200010977622,0.26359430824370356,1.0,0.058561380770761375,0.0
2019-07-25,Resistance,,BEARISH ENGULFING,,9,85.0,0.0,0.1626085522865103,0.0,0.0,0.0
2019-07-26,Resistance,DOJI_SPINOFF,BULLISH HARAMI CROSS,,10,86.0,0.0,0.7964255708515445,0.0,0.0,1.6177537655008776
2019-07-29,Resistance,,,,4,89.0,0.0,0.0494540889949201,0.0,0.0,0.2052395636086985
2019-07-30,Resistance,DOJI,BEARISH HARAMI CROSS,,5,90.0,-0.21539983596196027,0.3892751672840745,0.0,1.6433795802527233,0.5289011744231111
2019-07-31,Resistance,long,,,6,91.0,2.8039933299704893,0.0,0.0,1.274006651551769,2.0210589891724133
2019-08-01,Support,long,,,7,92.0,0.0,0.6264328440323151,0.0,0.8081504296909019,0.9746606532046764
2019-08-02,Support,,BULLISH (Matching Low),BEARISH Three Black Crows,14,8.0,-0.45022968004907815,0.23361585997358444,0.0,0.995598620878962,0.0
2019-08-05,Resistance,,,BEARISH Three Black Crows,52,41.0,-1.2067961085133372,0.5281227179826226,0.0,0.0,0.0
2019-08-06,Resistance,DOJI_SPINOFF,BULLISH HARAMI CROSS,,53,39.0,0.07001742634410826,0.6475532577760061,0.0,0.7099706757486094,0.0
2019-08-07,Resistance,,,,2,30.0,-0.0,0.42119816759718437,1.0,0.15616693080600827,0.0
2019-08-08,Resistance,,,,3,99.0,0.0,0.18218935136683925,0.0,0.0,0.0
2019-08-09,Resistance,DOJI_SPINOFF,BEARISH HARAMI CROSS,,4,100.0,-0.0,0.6327085785542264,0.0,0.2590746651834912,0.2258392092464945
2019-08-12,Resistance,short,,,7,4.0,-0.0,0.3997150835652145,0.0,0.0,0.24708679038612646
2019-08-13,Support,long,,,5,104.0,0.0,0.9951516619070855,0.0,0.0,0.9720672046793578
2019-08-14,Resistance,DOJI_SPINOFF,BEARISH HARAMI CROSS,,2,105.0,-1.2795794345042788,0.7964653333669047,0.0,0.0,0.7158848018158034
2019-08-15,Resistance,,,,3,2.0,0.0,0.23791915676663353,0.0,0.9244560989915032,0.0
2019-08-16,Resistance,,,,4,3.0,0.11716948162811877,0.057317224478623564,0.0,0.0,0.0
2019-08-19,Resistance,DOJI_SPINOFF,,,4,6.0,0.578960501716026,0.6778999695188894,0.0,0.0,0.2177127244686877
2019-08-20,Resistance,INV_HAMMER,,,5,7.0,0.0,0.6187400454481368,0.0,0.0,0.32273819250809577
2019-08-21,Resistance,DOJI_SPINOFF,BULLISH (Matching Low),,8,112.0,0.14161491394063658,0.5713834033812132,0.0,0.3645251488852914,0.0
2019-08-22,Resistance,DOJI_SPINOFF,,,9,113.0,0.0,0.36696112973060874,0.0,0.8336151880246488,0.0
2019-08-23,Resistance,long,,,8,114.0,-0.3931612585238072,0.9436313752822578,0.0,0.5454129862948923,0.48517830638157994
2019-08-26,Resistance,SPIN_TOP,BULLISH HARAMI,,11,4.0,0.3615647115276891,0.5943341518300242,0.0,0.0,0.0
2019-08-27,Resistance,,BEARISH ENGULFING,,12,5.0,0.0,0.5201076673570322,0.0,0.0,0.0
2019-08-28,Resistance,,,,13,6.0,-0.0,0.19988488083204053,0.0,0.0,0.0
2019-08-29,Resistance,DOJI_SPINOFF,,,14,7.0,0.4769046715751882,0.5897410818963368,0.0,0.7024283340515621,0.0
2019-08-30,Resistance,,,,2,8.0,0.0,0.17156988653647726,0.0,0.3200695457600269,0.0
2019-09-03,Resistance,short,BULLISH (Matching Low),,6,12.0,-0.19240827475871702,0.45033148042119747,0.0,0.20955936841962716,0.0
2019-09-04,Resistance,,,BEARISH Evening Star,7,5.0,0.29693651372686225,0.3701406546995707,0.0,0.0,0.0
2019-09-05,Resistance,,,,6,127.0,0.27269384901839683,0.09402084728339287,0.0,0.0,0.0
2019-09-06,Resistance,,BEARISH (Meeting Lines),,7,128.0,0.0,0.336851819900358,0.0,0.0,0.0
2019-09-09,Resistance,DOJI_SPINOFF,BULLISH (Matching Low),,10,131.0,0.0,0.3647075044624251,1.0,1.2306654201837348,0.9237574423735725
2019-09-10,Resistance,long,BULLISH ENGULFING,,132,41.0,-0.0,0.6614638507882178,0.0,0.4071117130103949,0.0
2019-09-11,Resistance,LONG_MARUBOZU,,,42,330.0,0.0,0.6619485179370659,0.0,0.0,0.0
2019-09-12,Support,,BEARISH (Meeting Lines),,43,331.0,0.0,0.1742327980388353,0.0,0.0,1.0831565265541663
2019-09-13,Support,,BULLISH (Matching Low),,44,332.0,-0.7323159290325288,0.2634905925167168,1.0,0.4107462694580245,0.012939281084546499
2019-09-16,Support,,,,47,335.0,-0.0,0.05914091127635239,0.0,0.0,0.0
2019-09-17,Resistance,short,,,4,336.0,0.0,0.39268872855781267,0.0,0.0,0.0
2019-09-18,Resistance,,,,5,337.0,0.0,0.028911624935876942,0.0,0.4570297886309476,0.0
2019-09-19,Resistance,,,,6,338.0,-0.0,0.3034647276328245,0.0,0.0,1.440422339716648
2019-09-20,Support,,,,7,339.0,0.0,0.15318547745756775,0.0,0.0,0.47269039570592714
2019-09-23,Resistance,DOJI_SPINOFF,BULLISH HARAMI CROSS,,10,342.0,0.19631576937882003,0.5655498317948126,0.0,0.1712832036198886,0.08883132110239615
2019-09-24,Support,,,,11,343.0,0.841547382340856,0.655863477516741,0.0,0.0,0.5627871573074784
2019-09-25,Support,,BULLISH HARAMI,,12,344.0,0.0,0.1543539776525955,0.0,0.49842874012490224,0.0
2019-09-26,Support,DOJI_SPINOFF,BEARISH HARAMI CROSS,,13,345.0,-0.0,0.6648347396572087,0.0,0.10140598820974447,0.08517598330612927
2019-09-27,Resistance,,,,2,346.0,0.0,0.001799557713857522,0.0,0.4416205777127908,0.0
2019-09-30,Resistance,,,,5,349.0,0.6653361409650759,0.559258086111849,0.0,0.0,0.0
2019-10-01,Support,DOJI_SPINOFF,,,350,19.0,0.0,0.5167862830335775,0.0,0.0,1.6492271691995801
2019-10-02,Support,long,,BULLISH Abandoned Baby,19,20.0,-0.1972546019946251,0.7337439905337046,0.0,0.22160197776476376,0.0
2019-10-03,Resistance,,,,20,21.0,-0.0,0.09551108097418239,0.0,1.5575991450236522,0.0
2019-10-04,Resistance,,,,21,22.0,1.661988961293505,0.28328866696186095,0.0,0.2743774164244133,0.0
2019-10-07,Resistance,DOJI_SPINOFF,,,24,25.0,-0.0,0.5590822952314817,0.0,0.0,1.4019173704069763
2019-10-08,Resistance,,,,25,26.0,-0.0,0.17475272918658186,0.0,0.0,0.6174443838948986
2019-10-09,Resistance,DOJI,BULLISH (Matching Low),,26,27.0,0.5076515075168057,0.6707139497348122,0.0,0.301984422822048,0.0
2019-10-10,Resistance,,,,28,372.0,0.0,0.3829986217241805,0.0,0.0,0.0
2019-10-11,Support,long,,,373,,0.5700081930300035,0.48102723962238003,0.0,0.0,0.2294836233527722
2019-10-14,Support,INV_HAMMER,BEARISH HARAMI  ,,376,,-0.0,0.3528985359770481,0.0,0.0,0.6609354585362062
2019-10-15,Support,,,,377,,0.0,0.26308230579499736,0.0,0.0,0.0
2019-10-16,Resistance,,BEARISH (Meeting Lines),,378,2.0,-0.22712811632079502,0.2330553124100596,0.0,0.0,0.0
2019-10-17,Resistance,DOJI_SPINOFF,,,379,3.0,0.0,0.5830077491040135,0.0,0.9580834715695795,0.0
2019-10-18,Resistance,,,,2,4.0,-0.0,0.3397245566622264,0.0,0.0,0.0
2019-10-21,Support,long,,,7,,0.0,0.7431508820008326,1.0,0.0,0.0
2019-10-22,Support,,BEARISH (Meeting Lines),,8,,0.0,0.21968625447119242,0.0,0.0,0.0
2019-10-23,Support,,,,9,,0.6079416776472759,0.22948473056492405,0.0,0.4106920240769446,0.0
2019-10-24,Support,,BEARISH (Meeting Lines),,10,,0.0,0.2602201299387148,0.0,1.1304109426733724,0.0
2019-10-25,Support,MARUBOZU,BULLISH ENGULFING,,11,,-0.0,0.8091908706586536,0.0,0.0,0.0
2019-10-28,Support,,,,14,,0.0,0.051508406724385655,0.0,0.0,0.0
2019-10-29,Support,long,,,15,,-0.0,0.7243482769570442,0.0,0.0,0.27906521127583467
2019-10-30,Support,,BULLISH (Matching Low),,16,,0.44178187342499564,0.2702681686825639,0.0,1.1216246607991212,0.0
2019-10-31,Resistance,HAMMER,,,17,2.0,1.5548336084484915,0.21104391178568632,0.0,2.8309381804029368,0.0
2019-11-01,Support,MARUBOZU,,,3,,0.0,0.8329888935609685,0.0,0.0,0.0
2019-11-04,Support,DOJI_SPINOFF,,,6,,0.05342150102265289,0.836815253934572,0.0,0.0,0.0
2019-11-05,Support,DOJI,,,7,,-0.0,0.707632254095737,0.0,0.0,0.873175429278849
2019-11-06,Support,short,,,8,,-0.0,0.5360185678006415,1.0,0.0,0.0
2019-11-07,Support,short,,,9,,0.28628336210882965,0.5121924486604457,0.0,0.0,0.5772932389216255
2019-11-08,Support,long,,,2,,-0.0,0.026875096135553833,1.0,0.1235631577029204,0.0
2019-11-11,Support,LONG_MARUBOZU,,,5,,-0.5017045460520688,0.8906939892662232,0.0,0.0,0.0
2019-11-12,Support,SPIN_TOP,BEARISH HARAMI  ,,6,,-0.0,0.7157753315526479,0.0,0.0,0.517216466066887
2019-11-13,Support,MARUBOZU,,,7,,-0.0,0.6292526328926751,0.0,0.0,0.0
2019-11-14,Support,,BEARISH HARAMI  ,,8,,-0.0,0.3721149031994781,0.0,0.0,0.8291293912571825
2019-11-15,Support,,,,9,,0.028658497915137065,0.11080863129905477,0.0,0.0,0.0
2019-11-18,Support,,,,12,,0.0,0.24301273551430752,0.0,0.5688126338376092,0.0
2019-11-19,Support,,BEARISH (Dark Cloud Cover),,13,,0.0,0.05939514149083235,0.0,0.0,0.0
2019-11-20,Support,,,,14,,-0.0,0.235089154607181,0.0,1.1286844865726278,0.2555488565935311
2019-11-21,Resistance,,BULLISH (Matching Low),BEARISH Three Black Crows,15,2.0,0.0,0.05725661532208084,1.0,0.0,0.0
2019-11-22,Support,,BULLISH (Matching Low),BEARISH Three Black Crows,2,3.0,0.0,0.35753881554903505,0.0,0.0,0.3294871483272037
2019-11-25,Support,MARUBOZU,,,5,6.0,0.2203821685232842,0.7706185054304796,0.0,0.0,0.0
2019-11-26,Resistance,,BEARISH (Dark Cloud Cover),,6,7.0,0.0,0.21838680041754166,0.0,0.5727594984939957,0.0
2020-03-13,Support,,,,134,10.0,0.2884413378361545,0.5420775866997252,0.0,1.8168819784127457,0.0
2020-03-16,Support,DOJI,,,137,13.0,-1.102931576599784,0.9023511300456369,0.0,0.0,1.3820643463778823
2020-03-17,Support,,,,138,14.0,0.0,0.1243786952236878,0.0,0.90428701748924,0.0
2020-03-18,Support,,,,139,15.0,-0.0,0.09454911448206274,1.0,0.0,0.0
2020-03-19,Support,short,,,140,16.0,0.0,0.4858556321513908,0.0,0.0,0.0
2020-03-20,Support,long,,,190,156.0,0.0,0.9481167951476098,0.0,0.0,0.0
2020-03-23,Resistance,HAMMER,BULLISH (Matching Low),,192,159.0,-0.0,0.4560427428809463,0.0,1.3546076419292503,0.0
2020-03-24,Resistance,,,,193,145.0,0.29285825456819026,0.3291209546168348,0.0,0.0,0.0
2020-03-25,Resistance,,BEARISH (Meeting Lines),,194,146.0,0.0,0.2720523387344166,0.0,0.0,0.6087458505571427
2020-03-26,Resistance,MARUBOZU,,,195,23.0,0.0,0.3910817882618052,0.0,0.0,0.0
2020-03-27,Resistance,,BEARISH HARAMI  ,,196,24.0,-0.0,0.24161712701496044,0.0,0.0,0.0
2020-03-30,Resistance,,,,199,4.0,0.0,0.2626586755933208,0.0,0.0,0.0
2020-03-31,Resistance,DOJI_SPINOFF,,,200,5.0,0.0,0.6098481029695298,0.0,0.0,0.7890720452775171
2020-04-01,Resistance,,,,201,6.0,-0.3942629709540503,0.03213841128413276,0.0,0.0,0.0
2020-04-02,Resistance,,,,202,7.0,-0.0,0.13493410756345153,0.0,0.3592874390792277,0.0
2020-04-03,Resistance,SPIN_TOP,BEARISH HARAMI  ,,203,8.0,-0.0,0.44671920282141303,0.0,0.0,0.0
2020-04-06,Resistance,long,,,4,11.0,0.8349379210113715,0.8862815169140118,0.0,0.0,0.0
2020-04-07,Resistance,MARUBOZU,BEARISH (Meeting Lines),,5,12.0,0.44969189829851647,0.608075464140272,0.0,0.0,0.0
2020-04-08,Resistance,,BULLISH HARAMI,,13,36.0,0.0,0.40427684551424714,0.0,0.0,0.0
2020-04-09,Resistance,DOJI_SPINOFF,,,14,2.0,0.0,0.73072047275734,0.0,0.5281844998872572,0.0
2020-04-13,Support,,,,6,41.0,0.0,0.04416521174029655,0.0,0.1209761447470774,0.0
2020-04-14,Support,,,,7,42.0,0.5001497223849296,0.24583945035994,0.0,0.0,0.0
2020-04-15,Support,,BEARISH HARAMI  ,,8,43.0,-0.027191807489192425,0.44366293395169426,0.0,0.0,0.16032520744832274
2020-04-16,Support,DOJI_SPINOFF,,,9,2.0,0.0,0.7665216175273052,0.0,0.7349839695292993,0.0
2020-04-17,Support,DOJI_SPINOFF,,BULLISH Abandoned Baby,10,3.0,-0.0,0.3961600412081322,0.0,0.8997954539644408,0.38540969094605826
2020-04-20,Support,INV_HAMMER,BULLISH (Matching Low),,13,6.0,-0.20712328218988985,0.5247308866245181,0.0,0.0,0.8556881928498276
2020-04-21,Resistance,long,,,26,7.0,-0.0,0.8803733143420415,0.0,0.11384960832766133,0.0
2020-04-22,Resistance,,BULLISH HARAMI,,27,8.0,0.4014313899290398,0.2500590767640589,0.0,0.0,0.0
2020-04-23,Resistance,INV_HAMMER,BEARISH HARAMI  ,,2,9.0,-0.0,0.5970210256044556,0.0,0.0,1.3006181122336702
2020-04-24,Resistance,MARUBOZU,,,3,10.0,0.0,0.4630830856133412,0.0,0.0,0.0
2020-04-27,Resistance,SPIN_TOP,,,6,13.0,-0.0,0.47483832264302867,0.0,0.08261450779722246,0.0
2020-04-28,Resistance,,BEARISH ENGULFING,,7,14.0,0.0,0.5475481541751354,0.0,0.0,0.0
2020-04-29,Resistance,,,,8,15.0,0.9520941861755933,0.19217382599791114,0.0,0.0,0.08966634532442169
2020-04-30,Support,,,,16,58.0,0.0,0.019835087610812183,0.0,0.1501022859357313,0.0
2020-05-01,Support,INV_HAMMER,,,17,59.0,-0.9798343957262293,0.1112323207924319,0.0,0.0,2.197180222259959
2020-05-04,Resistance,,,,20,62.0,0.0,0.07890398167732252,1.0,0.8826612953053041,0.0
2020-05-05,Resistance,,,BULLISH Three White Soldiers,21,63.0,0.0,0.25867185081833816,0.0,0.0,0.23588603603146216
2020-05-06,Resistance,DOJI,,,22,64.0,0.0,0.8712681433190573,0.0,0.14164867752388696,0.0
2020-05-07,Resistance,DOJI_SPINOFF,,,23,65.0,0.0,0.6171335550020883,1.0,0.0,0.0
2020-05-08,Resistance,,,,66,88.0,0.0,0.5612619759587649,0.0,0.0,0.0
2020-05-11,Resistance,long,,,69,83.0,-0.0,0.9399538852181673,0.0,0.0,0.0
2020-05-12,Resistance,,BEARISH (Dark Cloud Cover),,70,84.0,0.08117825631175406,0.5220162024471312,0.0,0.0,0.0
2020-05-13,Support,,BULLISH (Matching Low),,71,85.0,0.0,0.06173367401361805,1.0,1.5616631281135303,0.6081267673549356
2020-05-14,Support,,,,72,86.0,-0.2937672709669601,0.16665818264723176,0.0,0.5204617033851422,0.0
2020-05-15,Resistance,MARUBOZU,,,73,87.0,-1.5132270310525937,0.4933555679303595,0.0,0.0,0.0
2020-05-18,Resistance,short,,,76,90.0,0.3702980706897066,0.5110566848688369,0.0,0.5381281992776427,0.0
2020-05-19,Resistance,short,BEARISH ENGULFING,,77,91.0,0.0,0.35830266551088824,0.0,0.0,0.7710554474746097
2020-05-20,Resistance,,,,78,8.0,0.06582119403257249,0.23807596193957342,0.0,0.0,0.0
2020-05-21,Resistance,,BEARISH HARAMI  ,,79,9.0,-0.0,0.3496991831414626,0.0,0.0,0.2614968746595337
2020-05-22,Resistance,,BULLISH ENGULFING,,80,10.0,-0.0,0.029261778330460415,0.0,0.0,0.0
2020-05-26,Resistance,long,BEARISH (Dark Cloud Cover),,84,14.0,0.596609315412802,0.7239543659595973,0.0,0.0,0.0
2020-05-27,Resistance,,BEARISH (Meeting Lines),,85,15.0,-0.0,0.41316572613060104,0.0,1.2755953944403942,0.0
2020-05-28,Resistance,DOJI_SPINOFF,,,86,16.0,-0.0,0.49093481698092306,0.0,0.0,1.6629207559627635
2020-05-29,Resistance,SPIN_TOP,,,2,17.0,0.0,0.43671397106436693,0.0,0.10187397725096595,0.0
2020-06-01,Resistance,,BULLISH ENGULFING,,20,124.0,-0.0,0.22701511458771573,0.0,0.0,0.0
2020-06-02,Resistance,,,,21,125.0,-0.0,0.09879409259856688,0.0,0.3926268412890067,0.0
2020-06-03,Resistance,DOJI_SPINOFF,,,22,126.0,0.0,0.7579927589145546,0.0,0.5780268383100265,0.0
2020-06-04,Resistance,,,,23,127.0,-0.0,0.12259385207678815,0.0,0.024193263323008647,0.0
2020-06-05,Support,LONG_MARUBOZU,,,128,,0.0,1.061368960122418,0.0,0.0,0.0
2020-06-08,Support,,,,131,,-0.0,0.055426658478698224,0.0,0.8816600246223552,0.0
2020-06-09,Support,long,,BULLISH Three White Soldiers,132,,-0.003877530864437252,1.0246779578581564,0.0,0.0,0.5191325865029462
2020-06-10,Support,,,BULLISH Three White Soldiers,133,,1.1883460373775496,0.0022434223433091495,0.0,0.30140004503793066,0.577549336219212
2020-06-11,Support,,,,134,,-0.6780004225396414,0.5937133165419295,0.0,0.0,0.32660276956226025
2020-06-12,Resistance,,,,135,2.0,1.6527585700323189,0.049378315064575774,0.0,1.5069251679584348,0.8788370676114267
2020-06-15,Resistance,,BULLISH (Piercing Pattern),,138,5.0,-0.488168967114006,0.3659609371233944,0.0,0.0,0.46966739043604394
2020-06-16,Resistance,DOJI_SPINOFF,,,139,6.0,0.8447774510934287,0.8126048955578556,0.0,1.645978445717883,0.0
2020-06-17,Resistance,,,,2,7.0,0.0,0.2713766832015377,0.0,0.0,0.0
2020-06-18,Resistance,DOJI_SPINOFF,,,3,8.0,-0.0,0.6605762302937291,0.0,0.005623311065509018,0.1553456074680313
2020-06-19,Resistance,,BEARISH ENGULFING,,4,9.0,0.0,0.025600862310225517,0.0,0.749143258951283,0.2275376276674332
2020-06-22,Support,LONG_MARUBOZU,,,12,,0.0,0.413504182419381,0.0,0.0,0.0
2020-06-23,Support,,,,13,,0.4746529278978783,0.3265564627262261,0.0,0.0,1.65779909403971
2020-06-24,Support,,,,14,,-0.0,0.04529819974518631,0.0,0.0,0.522109263442548
2020-10-07,Resistance,short,BULLISH HARAMI,,5,6.0,0.0,0.5196316105611678,0.0,0.0,0.0
2020-10-08,Resistance,,,,6,7.0,0.0,0.12092916978077362,0.0,0.0,0.0
2020-10-09,Resistance,,,,7,8.0,0.0,0.04299194092360863,0.0,0.0,0.0
2020-10-12,Support,long,,,32,40.0,0.9612382271540006,0.3183209759365486,0.0,0.1689501030717878,0.4091332750058283
2020-10-13,Support,,BEARISH (Dark Cloud Cover),,33,41.0,0.0,0.2695952504558227,0.0,0.7980456645546194,0.0
2020-10-14,Support,DOJI_SPINOFF,,,34,42.0,-0.0,0.8295237877972803,0.0,0.5073195238952465,1.5451531678559618
2020-10-15,Support,,,,35,2.0,-0.722119739157697,0.021538332721144984,1.0,0.0,0.0
2020-10-16,Support,,BEARISH (Dark Cloud Cover),,31,3.0,0.0,0.0646833640789153,0.0,0.0,0.0
2020-10-19,Support,,,,17,6.0,0.0,0.5268071923510131,0.0,0.0,0.0
2020-10-20,Support,,BULLISH HARAMI,,18,7.0,0.0,0.36367331434261924,0.0,0.0,0.9839731229310699
2020-10-21,Support,DOJI_SPINOFF,BEARISH HARAMI CROSS,,19,8.0,-0.0,0.6133153963806246,0.0,0.0,0.9524227679153324
2020-10-22,Support,,BEARISH ENGULFING,,20,9.0,0.0,0.05847892732908507,0.0,0.7276660580421471,0.0
2020-10-23,Support,,BULLISH (Matching Low),,21,10.0,0.0,0.15890941145310983,0.0,0.10540565688696736,0.0
2020-10-26,Support,SPIN_TOP,BEARISH (Meeting Lines),,24,13.0,-0.14493029661655274,0.3386970815882288,0.0,0.4713935896001741,0.6985469666764355
2020-10-27,Support,,,,25,14.0,0.0,0.2249148066122083,1.0,0.18600572383442115,0.0
2020-10-28,Resistance,LONG_MARUBOZU,,,34,26.0,-0.6324443087055206,0.7607239114626834,0.0,0.0,0.0
2020-10-29,Resistance,,,,35,2.0,0.18231025398967612,0.30343487590504514,0.0,0.0,0.7582049842994039
2020-10-30,Resistance,,,,36,3.0,-1.6890402623294,0.016251580138223864,0.0,0.6678899991581998,0.012734931943691076
2020-11-02,Resistance,DOJI_SPINOFF,BULLISH (Matching Low),,39,6.0,0.0,0.7373748890982913,0.0,0.7621418285588323,0.5142814650277535
2020-11-03,Resistance,SPIN_TOP,,,40,7.0,0.0,0.43528238387607726,0.0,0.1040648221888649,0.0
2020-11-04,Resistance,,,,2,8.0,1.172334754433313,0.43106407073580366,0.0,0.7641667275566781,0.0
2020-11-05,Support,,,BULLISH Three White Soldiers,9,23.0,0.5619505011751688,0.25081598704616975,1.0,0.08446986219403825,0.0
2020-11-06,Support,DOJI_SPINOFF,BEARISH HARAMI CROSS,,10,24.0,-0.0,0.6333116155700897,0.0,0.7601308200350048,0.0
2018-01-03,Resistance,DOJI_SPINOFF,,,62,14.0,0.0,0.5255921832278329,0.0,0.0,1.8865746296083201
2018-01-04,Resistance,,,,63,15.0,0.0,0.3168576216112518,0.0,0.0,0.0
2018-01-05,Resistance,,,,64,15.0,0.0,0.705911134732744,0.0,0.0,0.0
2018-01-08,Resistance,DOJI,BEARISH HARAMI CROSS,,67,18.0,-0.0,0.8628046088913236,0.0,0.0,0.7476512971744255
2018-01-09,Resistance,DOJI_SPINOFF,,,68,19.0,0.0,0.6058804992852431,0.0,0.7278121254527833,0.0
2018-01-10,Resistance,,,,69,20.0,-0.7150900965812839,0.5352421385371595,0.0,0.0,0.0
2018-01-11,Resistance,,,,70,21.0,0.0,0.03843735242969516,0.0,0.0,0.0
2018-01-12,Resistance,,,BULLISH Three White Soldiers,22,25.0,0.3535252226876272,0.18994419820780248,0.0,0.25488483491353675,0.0
2018-01-16,Resistance,,BEARISH (Dark Cloud Cover),,26,29.0,0.17169421130162008,0.6496373713535695,0.0,0.0,1.3158994957257932
2018-01-17,Support,,BULLISH ENGULFING,,30,,-0.0,0.8618018903911087,0.0,1.2197946403609365,0.0
2018-01-18,Support,DOJI_SPINOFF,,,31,,0.0,0.7564197881687666,0.0,0.7362675441516396,0.24630221461396817
2018-01-19,Support,DOJI_SPINOFF,,,32,,-0.19959365452665598,0.701323903263874,0.0,0.5745630734440608,0.4795618196726767
2018-01-22,Resistance,SPIN_TOP,,,35,4.0,-0.7730468521131796,0.6102899401202643,0.0,0.0,0.0
2018-01-23,Support,DOJI_SPINOFF,BULLISH HARAMI CROSS,,36,5.0,0.0,0.5418686742991722,1.0,0.0,1.379447977831309
2018-01-24,Support,long,,,14,7.0,0.0,0.7437486098391654,0.0,0.6142716626173992,0.0
2018-01-25,Support,long,,,84,15.0,0.0,0.9546299591588461,0.0,0.0,0.0
2018-01-26,Support,HAMMER,,,85,16.0,0.6098072734281453,0.5658613670107381,0.0,0.8760497013602457,0.0
2018-01-29,Support,,,,88,19.0,-0.934664136571361,0.30998161906918464,0.0,0.1206366256091857,0.0
2018-01-30,Support,,BEARISH (Meeting Lines),,89,20.0,-1.402096583441659,0.026503843585753393,0.0,0.03172008040223816,0.0
2018-01-31,Support,short,,,90,21.0,-0.0,0.49017028723736666,0.0,0.0,0.8299490089406528
2018-02-01,Support,,,BULLISH Three White Soldiers,91,22.0,-0.0,0.39523674602919195,0.0,0.0,0.3883837306200898
2018-02-02,Support,long,,,140,92.0,-0.9132282569308877,0.3723518911471624,0.0,0.0,0.2490808453857699
2018-02-05,Support,,BULLISH (Matching Low),,109,4.0,-0.37828793745285433,0.1539810596495065,0.0,0.0,2.431165582643347
2018-02-06,Support,long,BULLISH ENGULFING,,110,5.0,-0.4652806760186292,1.205912333262051,0.0,0.3045384982707064,0.0
2018-02-07,Support,,,,111,6.0,0.0,0.08076612305837574,0.0,0.0,0.0
2018-02-08,Support,,,,112,7.0,0.0,0.4224627359106156,0.0,0.0,0.0
2018-02-09,Resistance,DOJI_SPINOFF,BULLISH HARAMI CROSS,,113,8.0,0.7649127025676035,0.6106595674629467,1.0,2.9921231602760594,0.0
2018-02-12,Resistance,,,,116,11.0,0.6455688691762231,0.2741363089077817,0.0,0.0,0.15539579509485327
2018-02-13,Resistance,,,,7,12.0,-0.0,0.14189448895497112,0.0,0.0,0.0
2018-02-14,Resistance,MARUBOZU,,BULLISH Three White Soldiers,8,13.0,-0.08044445195746935,0.23569331882241507,0.0,0.0,0.0
2018-02-15,Resistance,,,BULLISH Three White Soldiers,14,36.0,0.7032555885542922,0.033571167457208555,0.0,0.0,0.0
2018-02-16,Resistance,DOJI,BEARISH HARAMI CROSS,,15,37.0,-0.0,0.7964192691398368,0.0,0.0,1.4674537477592189
2018-02-20,Resistance,DOJI_SPINOFF,,,19,41.0,-0.0,0.6671127223136454,0.0,0.0,0.8504297646236616
2018-02-21,Resistance,,,,20,5.0,0.0,0.1587883735918911,0.0,0.0,0.0646076280587336
2018-02-22,Resistance,INV_HAMMER,BULLISH HARAMI,,21,6.0,0.0,0.4638771058688559,0.0,0.0,0.15534281099645256
2018-02-23,Resistance,LONG_MARUBOZU,,,7,37.0,0.11353298905556891,0.0266802190709918,0.0,0.0,0.0
2018-02-26,Resistance,,,,10,39.0,0.0,0.27936253977333747,0.0,0.0,0.0
2018-02-27,Resistance,short,,,11,40.0,0.0,0.5857247333671197,0.0,0.0,0.35421472360711453
2018-02-28,Resistance,,,,12,41.0,0.01581000247092628,0.30178164484559816,0.0,0.0,0.2546282224109364
2018-03-01,Support,,,,13,42.0,0.0,0.6238490796648705,0.0,2.3332325534527656,0.11444980988015553
2018-03-02,Support,,,,14,43.0,-1.1239382706268781,0.4783268402732497,0.0,0.0,0.0
2018-03-05,Support,,,,17,46.0,-0.0,0.18370156634185544,0.0,0.06568849214554429,0.0
2018-03-06,Resistance,,BEARISH (Meeting Lines),,4,47.0,0.04773769489604754,0.24803804619937822,0.0,0.0,0.0
2018-03-07,Resistance,DOJI_SPINOFF,,,5,48.0,-0.4840485632882115,0.8539394752036197,0.0,0.054158151145481094,0.0033192885268266124
2018-03-08,Resistance,,,BEARISH Abandoned Baby,6,2.0,0.0,0.06466487382855812,1.0,0.0,0.0
2018-03-09,Resistance,,,,3,50.0,0.0,0.1982069955908089,0.0,0.0,0.0
2018-03-12,Support,,,BULLISH Three White Soldiers,53,,0.0,0.12294240668350381,0.0,0.0,0.1273068281622034
2018-03-13,,,BEARISH ENGULFING,,54,,0.0,0.43289812034436415,0.0,0.35272292047562515,0.39628339902510906
